ID;CentraleDecentraleProductie;Energiedragers;Perioden;TotaalElektriciteitEnWarmteTJ_1;ElektriciteitGWh_2;ElektriciteitTJ_3;Elektriciteit_4;WarmteTJ_5;InzetTJ_6;ElektrischVermogenMW_7
0;E007022;T001027;2015JJ00;583961;110213;396768;100.0;187193;997093;31143
1;E007022;T001027;2016JJ00;593377;115158;414570;100.0;178807;1000556;32728
2;E007022;T001027;2017JJ00;602765;117168;421804;100.0;180961;991402;32380
3;E007022;T001027;2018JJ00;582633;114380;411767;100.0;170866;941989;34287
4;E007022;T001027;2019JJ00;611909;121408;437069;100.0;174840;967182;36327
5;E007022;T001027;2020JJ00;615363;123278;443801;100.0;171561;946832;42457
6;E007022;T001027;2021JJ00;613255;122170;439814;100.0;173441;943890;47139
7;E007022;T001027;2022JJ00;592636;121575;437670;100.0;154966;902795;50943
8;E007022;T001027;2023JJ00;582801;121641;437906;100.0;144895;846929;57786
9;E007022;T001027;2024JJ00;590252;123844;445838;100.0;144414;827769;61663
10;E007022;T001027;2025JJ00;627771;135365;487314;100.0;140457;906062;62719
11;E007022;E006620;2015JJ00;495746;91090;327924;82.6;167822;837340;
12;E007022;E006620;2016JJ00;502985;95124;342445;82.6;160540;837178;
13;E007022;E006620;2017JJ00;501931;94791;341246;80.9;160685;822330;
14;E007022;E006620;2018JJ00;481888;91412;329083;79.9;152805;777254;
15;E007022;E006620;2019JJ00;493030;94151;338943;77.5;154086;776342;
16;E007022;E006620;2020JJ00;458187;85949;309416;69.7;148771;702010;
17;E007022;E006620;2021JJ00;425560;77388;278595;63.3;146965;660693;
18;E007022;E006620;2022JJ00;379329;68722;247398;56.5;131931;595076;
19;E007022;E006620;2023JJ00;341335;60133;216479;49.4;124855;524443;
20;E007022;E006620;2024JJ00;331123;57459;206852;46.4;124271;496973;
21;E007022;E006620;2025JJ00;353218;64964;233871;48.0;119347;547873;
22;E007022;E006461;2015JJ00;145249;39391;141806;35.7;3443;336632;5751
23;E007022;E006461;2016JJ00;136051;36817;132540;32.0;3511;304662;5751
24;E007022;E006461;2017JJ00;116331;31379;112964;26.8;3367;256496;4711
25;E007022;E006461;2018JJ00;101646;27578;99280;24.1;2366;221465;4711
26;E007022;E006461;2019JJ00;66353;17694;63697;14.6;2656;146631;4081
27;E007022;E006461;2020JJ00;29063;7617;27422;6.2;1641;63862;3431
28;E007022;E006461;2021JJ00;54263;14600;52559;12.0;1704;118464;3431
29;E007022;E006461;2022JJ00;54738;14802;53288;12.2;1450;120442;3431
30;E007022;E006461;2023JJ00;32112;8712;31362;7.2;750;71330;3431
31;E007022;E006461;2024JJ00;27475;7467;26881;6.0;593;60422;3431
32;E007022;E006461;2025JJ00;36716;10157;36564;7.5;153;80600;3431
33;E007022;E006560;2015JJ00;308999;45813;164926;41.6;144073;419312;17428
34;E007022;E006560;2016JJ00;326921;52531;189112;45.6;137809;453029;17558
35;E007022;E006560;2017JJ00;344737;57733;207840;49.3;136896;485849;17520
36;E007022;E006560;2018JJ00;340855;57630;207468;50.4;133387;475953;17442
37;E007022;E006560;2019JJ00;388889;70719;254590;58.2;134299;550912;17411
38;E007022;E006560;2020JJ00;392261;72524;261087;58.8;131174;562479;17419
39;E007022;E006560;2021JJ00;332753;56691;204086;46.4;128667;463271;17402
40;E007022;E006560;2022JJ00;281672;47743;171874;39.3;109798;392217;17460
41;E007022;E006560;2023JJ00;270823;46090;165925;37.9;104898;380176;17500
42;E007022;E006560;2024JJ00;263855;44291;159446;35.8;104409;362666;17537
43;E007022;E006560;2025JJ00;274656;49037;176532;36.2;98124;386073;17394
44;E007022;E007260;2015JJ00;41498;5887;21192;5.3;20306;81397;
45;E007022;E007260;2016JJ00;40013;5776;20792;5.0;19221;79486;
46;E007022;E007260;2017JJ00;40863;5678;20441;4.8;20421;79984;
47;E007022;E007260;2018JJ00;39386;6204;22334;5.4;17052;79836;
48;E007022;E007260;2019JJ00;37788;5738;20657;4.7;17132;78799;
49;E007022;E007260;2020JJ00;36863;5807;20907;4.7;15956;75669;
50;E007022;E007260;2021JJ00;38544;6097;21950;5.0;16594;78958;
51;E007022;E007260;2022JJ00;42919;6177;22236;5.1;20683;82417;
52;E007022;E007260;2023JJ00;38400;5331;19192;4.4;19208;72937;
53;E007022;E007260;2024JJ00;39794;5701;20524;4.6;19269;73886;
54;E007022;E007260;2025JJ00;41846;5771;20776;4.3;21070;81200;
55;E007022;E006565;2015JJ00;66111;13687;49274;12.4;16837;104581;
56;E007022;E006565;2016JJ00;69264;14781;53212;12.8;16052;110014;
57;E007022;E006565;2017JJ00;81527;17439;62779;14.9;18749;119857;
58;E007022;E006565;2018JJ00;85559;18882;67975;16.5;17585;123625;
59;E007022;E006565;2019JJ00;102845;22803;82091;18.8;20754;146394;
60;E007022;E006565;2020JJ00;140616;32729;117826;26.5;22790;198421;
61;E007022;E006565;2021JJ00;172036;40433;145559;33.1;26477;239554;
62;E007022;E006565;2022JJ00;196175;48095;173140;39.6;23035;260511;
63;E007022;E006565;2023JJ00;225065;56952;205026;46.8;20039;277132;
64;E007022;E006565;2024JJ00;243700;62099;223557;50.1;20143;288842;
65;E007022;E006565;2025JJ00;257452;65650;236341;48.5;21111;311774;
66;E007022;E006566;2015JJ00;34607;4936;17770;4.5;16837;73077;
67;E007022;E006566;2016JJ00;33724;4909;17672;4.3;16052;74474;
68;E007022;E006566;2017JJ00;35325;4605;16577;3.9;18749;73655;
69;E007022;E006566;2018JJ00;33976;4553;16391;4.0;17585;72042;
70;E007022;E006566;2019JJ00;41712;5822;20958;4.8;20754;85261;
71;E007022;E006566;2020JJ00;54610;8839;31819;7.2;22790;112414;
72;E007022;E006566;2021JJ00;65780;10918;39303;8.9;26477;133298;
73;E007022;E006566;2022JJ00;58386;9820;35351;8.1;23035;122722;
74;E007022;E006566;2023JJ00;47547;7641;27508;6.3;20039;99613;
75;E007022;E006566;2024JJ00;44199;6682;24056;5.4;20143;89341;
76;E007022;E006566;2025JJ00;46588;7077;25477;5.2;21111;100910;
77;E007022;E006587;2015JJ00;334;93;334;0.1;;334;37
78;E007022;E006587;2016JJ00;360;100;360;0.1;;360;37
79;E007022;E006587;2017JJ00;219;61;219;0.1;;219;37
80;E007022;E006587;2018JJ00;260;72;260;0.1;;260;37
81;E007022;E006587;2019JJ00;267;74;267;0.1;;267;37
82;E007022;E006587;2020JJ00;166;46;166;0.0;;166;37
83;E007022;E006587;2021JJ00;318;88;318;0.1;;318;38
84;E007022;E006587;2022JJ00;180;50;180;0.0;;180;38
85;E007022;E006587;2023JJ00;250;69;250;0.1;;250;38
86;E007022;E006587;2024JJ00;307;85;307;0.1;;307;38
87;E007022;E006587;2025JJ00;205;57;205;0.0;;205;38
88;E007022;E006589;2015JJ00;3991;1109;3991;1.0;;3991;1526
89;E007022;E006589;2016JJ00;5767;1602;5767;1.4;;5767;2135
90;E007022;E006589;2017JJ00;7936;2204;7936;1.9;;7936;2911
91;E007022;E006589;2018JJ00;13348;3708;13348;3.2;;13348;4608
92;E007022;E006589;2019JJ00;19438;5399;19438;4.4;;19438;7228
93;E007022;E006589;2020JJ00;30841;8567;30841;6.9;;30841;11110
94;E007022;E006589;2021JJ00;40694;11304;40694;9.3;;40694;14823
95;E007022;E006589;2022JJ00;59972;16659;59972;13.7;;59972;17356
96;E007022;E006589;2023JJ00;70586;19607;70586;16.1;;70586;21957
97;E007022;E006589;2024JJ00;78560;21822;78560;17.6;;78560;24772
98;E007022;E006589;2025JJ00;93170;25881;93170;19.1;;93170;25901
99;E007022;E006588;2015JJ00;27179;7550;27179;6.9;;27179;3391
100;E007022;E006588;2016JJ00;29414;8170;29414;7.1;;29414;4257
101;E007022;E006588;2017JJ00;38048;10569;38048;9.0;;38048;4202
102;E007022;E006588;2018JJ00;37975;10549;37975;9.2;;37975;4393
103;E007022;E006588;2019JJ00;41429;11508;41429;9.5;;41429;4484
104;E007022;E006588;2020JJ00;55000;15278;55000;12.4;;55000;6648
105;E007022;E006588;2021JJ00;65244;18123;65244;14.8;;65244;7646
106;E007022;E006588;2022JJ00;77637;21566;77637;17.7;;77637;8700
107;E007022;E006588;2023JJ00;106683;29634;106683;24.4;;106683;10802
108;E007022;E006588;2024JJ00;120634;33509;120634;27.1;;120634;11702
109;E007022;E006588;2025JJ00;117489;32636;117489;24.1;;117489;11782
110;E007022;E006622;2015JJ00;22104;5436;19570;4.9;2534;55172;919
111;E007022;E006622;2016JJ00;21128;5254;18913;4.6;2214;53364;919
112;E007022;E006622;2017JJ00;19307;4939;17779;4.2;1528;49215;919
113;E007022;E006622;2018JJ00;15185;4086;14710;3.6;476;41109;919
114;E007022;E006622;2019JJ00;16034;4454;16034;3.7;;44445;919
115;E007022;E006622;2020JJ00;16559;4600;16559;3.7;;46401;919
116;E007022;E006622;2021JJ00;15659;4350;15659;3.6;;43643;919
117;E007022;E006622;2022JJ00;17131;4759;17131;3.9;;47208;1051
118;E007022;E006622;2023JJ00;16401;4556;16401;3.7;;45355;1148
119;E007022;E006622;2024JJ00;15429;4286;15429;3.5;;41953;1269
120;E007022;E006622;2025JJ00;17102;4750;17102;3.5;;46416;1269
121;E007022;E006602;2015JJ00;14681;4078;14681;3.7;;39245;512
122;E007022;E006602;2016JJ00;14257;3960;14257;3.4;;38357;512
123;E007022;E006602;2017JJ00;12249;3402;12249;2.9;;33056;512
124;E007022;E006602;2018JJ00;12653;3515;12653;3.1;;34008;512
125;E007022;E006602;2019JJ00;14075;3910;14075;3.2;;38113;512
126;E007022;E006602;2020JJ00;14715;4087;14715;3.3;;40021;512
127;E007022;E006602;2021JJ00;13781;3828;13781;3.1;;37281;512
128;E007022;E006602;2022JJ00;14963;4156;14963;3.4;;40439;512
129;E007022;E006602;2023JJ00;14347;3985;14347;3.3;;38959;512
130;E007022;E006602;2024JJ00;12865;3574;12865;2.9;;34712;512
131;E007022;E006602;2025JJ00;14459;4016;14459;3.0;;38962;512
132;E007022;E006607;2015JJ00;;;;;;;
133;E007022;E006607;2016JJ00;;;;;;;
134;E007022;E006607;2017JJ00;;;;;;;
135;E007022;E006607;2018JJ00;;;;;;;
136;E007022;E006607;2019JJ00;;;;;;;
137;E007022;E006607;2020JJ00;;;;;;;
138;E007022;E006607;2021JJ00;;;;;;;
139;E007022;E006607;2022JJ00;263;73;263;0.1;;285;132
140;E007022;E006607;2023JJ00;316;88;316;0.1;;363;229
141;E007022;E006607;2024JJ00;656;182;656;0.1;;751;350
142;E007022;E006607;2025JJ00;656;182;656;0.1;;751;350
143;E007022;E007262;2015JJ00;7423;1358;4890;1.2;2534;15927;407
144;E007022;E007262;2016JJ00;6871;1293;4656;1.1;2214;15007;407
145;E007022;E007262;2017JJ00;7058;1536;5530;1.3;1528;16159;407
146;E007022;E007262;2018JJ00;2532;571;2057;0.5;476;7102;407
147;E007022;E007262;2019JJ00;1959;544;1959;0.4;;6333;407
148;E007022;E007262;2020JJ00;1845;512;1845;0.4;;6380;407
149;E007022;E007262;2021JJ00;1879;522;1879;0.4;;6363;407
150;E007022;E007262;2022JJ00;1905;529;1905;0.4;;6485;407
151;E007022;E007262;2023JJ00;1738;483;1738;0.4;;6033;407
152;E007022;E007262;2024JJ00;1908;530;1908;0.4;;6490;407
153;E007022;E007262;2025JJ00;1987;552;1987;0.4;;6703;407
154;E007042;T001027;2015JJ00;294097;72360;260495;65.7;33602;597238;19079
155;E007042;T001027;2016JJ00;308260;76645;275923;66.6;32337;608978;19163
156;E007042;T001027;2017JJ00;305072;76103;273969;65.0;31103;593181;17871
157;E007042;T001027;2018JJ00;282755;71129;256065;62.2;26690;539103;17871
158;E007042;T001027;2019JJ00;290422;74735;269047;61.6;21375;545055;17241
159;E007042;T001027;2020JJ00;269840;69620;250631;56.5;19209;498210;17244
160;E007042;T001027;2021JJ00;242897;62448;224812;51.1;18085;467916;17244
161;E007042;T001027;2022JJ00;222113;56999;205197;46.9;16916;434236;17244
162;E007042;T001027;2023JJ00;180665;46374;166947;38.1;13718;350669;17302
163;E007042;T001027;2024JJ00;165884;43247;155689;34.9;10195;320099;17363
164;E007042;T001027;2025JJ00;198203;52416;188696;38.7;9507;381341;17341
165;E007042;E006620;2015JJ00;272149;66973;241104;60.8;31046;544792;
166;E007042;E006620;2016JJ00;287400;71479;257323;62.1;30077;557916;
167;E007042;E006620;2017JJ00;285365;71150;256139;60.7;29225;545316;
168;E007042;E006620;2018JJ00;266502;66952;241028;58.5;25474;498700;
169;E007042;E006620;2019JJ00;268369;68953;248230;56.8;20138;491417;
170;E007042;E006620;2020JJ00;235583;60782;218816;49.3;16767;417830;
171;E007042;E006620;2021JJ00;201404;51849;186658;42.4;14746;374147;
172;E007042;E006620;2022JJ00;184838;47302;170287;38.9;14551;347762;
173;E007042;E006620;2023JJ00;150946;38613;139008;31.7;11939;279738;
174;E007042;E006620;2024JJ00;139786;36354;130874;29.4;8913;257835;
175;E007042;E006620;2025JJ00;168905;44754;161114;33.1;7791;311784;
176;E007042;E006461;2015JJ00;145249;39391;141806;35.7;3443;336632;5751
177;E007042;E006461;2016JJ00;136051;36817;132540;32.0;3511;304662;5751
178;E007042;E006461;2017JJ00;116331;31379;112964;26.8;3367;256496;4711
179;E007042;E006461;2018JJ00;101646;27578;99280;24.1;2366;221465;4711
180;E007042;E006461;2019JJ00;66353;17694;63697;14.6;2656;146631;4081
181;E007042;E006461;2020JJ00;29063;7617;27422;6.2;1641;63862;3431
182;E007042;E006461;2021JJ00;54263;14600;52559;12.0;1704;118464;3431
183;E007042;E006461;2022JJ00;54738;14802;53288;12.2;1450;120442;3431
184;E007042;E006461;2023JJ00;32112;8712;31362;7.2;750;71330;3431
185;E007042;E006461;2024JJ00;27475;7467;26881;6.0;593;60422;3431
186;E007042;E006461;2025JJ00;36716;10157;36564;7.5;153;80600;3431
187;E007042;E006560;2015JJ00;115237;24668;88805;22.4;26432;180801;11608
188;E007042;E006560;2016JJ00;140272;31906;114863;27.7;25409;227959;11692
189;E007042;E006560;2017JJ00;158170;37026;133293;31.6;24877;262521;11440
190;E007042;E006560;2018JJ00;153389;36560;131617;32.0;21772;252451;11440
191;E007042;E006560;2019JJ00;193202;48879;175964;40.3;17238;321426;11440
192;E007042;E006560;2020JJ00;197280;50657;182365;41.1;14914;331908;11413
193;E007042;E006560;2021JJ00;136758;34427;123937;28.2;12821;230896;11413
194;E007042;E006560;2022JJ00;120460;29876;107555;24.6;12905;203419;11413
195;E007042;E006560;2023JJ00;111637;27914;100489;22.9;11148;190450;11471
196;E007042;E006560;2024JJ00;102870;26288;94637;21.2;8233;174453;11532
197;E007042;E006560;2025JJ00;123303;32131;115672;23.7;7630;208754;11510
198;E007042;E007260;2015JJ00;11663;2915;10493;2.6;1170;27359;
199;E007042;E007260;2016JJ00;11077;2755;9920;2.4;1157;25294;
200;E007042;E007260;2017JJ00;10864;2745;9883;2.3;981;26300;
201;E007042;E007260;2018JJ00;11467;2814;10131;2.5;1335;24785;
202;E007042;E007260;2019JJ00;8813;2380;8569;2.0;244;23360;
203;E007042;E007260;2020JJ00;9241;2508;9029;2.0;212;22060;
204;E007042;E007260;2021JJ00;10383;2823;10162;2.3;221;24788;
205;E007042;E007260;2022JJ00;9641;2623;9444;2.2;197;23901;
206;E007042;E007260;2023JJ00;7197;1988;7156;1.6;41;17959;
207;E007042;E007260;2024JJ00;9442;2599;9356;2.1;87;22960;
208;E007042;E007260;2025JJ00;8886;2466;8878;1.8;8;22430;
209;E007042;E006565;2015JJ00;1887;513;1848;0.5;40;4675;
210;E007042;E006565;2016JJ00;1662;446;1607;0.4;55;4083;
211;E007042;E006565;2017JJ00;2272;534;1923;0.5;349;4883;
212;E007042;E006565;2018JJ00;3047;641;2307;0.6;740;5674;
213;E007042;E006565;2019JJ00;7978;1873;6742;1.5;1237;15525;
214;E007042;E006565;2020JJ00;19543;4750;17101;3.9;2442;40359;
215;E007042;E006565;2021JJ00;27712;6770;24373;5.5;3339;56488;
216;E007042;E006565;2022JJ00;22312;5541;19947;4.6;2365;46035;
217;E007042;E006565;2023JJ00;15372;3776;13592;3.1;1779;31971;
218;E007042;E006565;2024JJ00;13233;3319;11950;2.7;1282;27551;
219;E007042;E006565;2025JJ00;14840;3645;13123;2.7;1716;30595;
220;E007042;E006566;2015JJ00;1887;513;1848;0.5;40;4675;
221;E007042;E006566;2016JJ00;1662;446;1607;0.4;55;4083;
222;E007042;E006566;2017JJ00;2272;534;1923;0.5;349;4883;
223;E007042;E006566;2018JJ00;3047;641;2307;0.6;740;5674;
224;E007042;E006566;2019JJ00;7978;1873;6742;1.5;1237;15525;
225;E007042;E006566;2020JJ00;19543;4750;17101;3.9;2442;40359;
226;E007042;E006566;2021JJ00;27712;6770;24373;5.5;3339;56488;
227;E007042;E006566;2022JJ00;22312;5541;19947;4.6;2365;46035;
228;E007042;E006566;2023JJ00;15372;3776;13592;3.1;1779;31971;
229;E007042;E006566;2024JJ00;13233;3319;11950;2.7;1282;27551;
230;E007042;E006566;2025JJ00;14840;3645;13123;2.7;1716;30595;
231;E007042;E006587;2015JJ00;;;;;;;
232;E007042;E006587;2016JJ00;;;;;;;
233;E007042;E006587;2017JJ00;;;;;;;
234;E007042;E006587;2018JJ00;;;;;;;
235;E007042;E006587;2019JJ00;;;;;;;
236;E007042;E006587;2020JJ00;;;;;;;
237;E007042;E006587;2021JJ00;;;;;;;
238;E007042;E006587;2022JJ00;;;;;;;
239;E007042;E006587;2023JJ00;;;;;;;
240;E007042;E006587;2024JJ00;;;;;;;
241;E007042;E006587;2025JJ00;;;;;;;
242;E007042;E006589;2015JJ00;;;;;;;
243;E007042;E006589;2016JJ00;;;;;;;
244;E007042;E006589;2017JJ00;;;;;;;
245;E007042;E006589;2018JJ00;;;;;;;
246;E007042;E006589;2019JJ00;;;;;;;
247;E007042;E006589;2020JJ00;;;;;;;
248;E007042;E006589;2021JJ00;;;;;;;
249;E007042;E006589;2022JJ00;;;;;;;
250;E007042;E006589;2023JJ00;;;;;;;
251;E007042;E006589;2024JJ00;;;;;;;
252;E007042;E006589;2025JJ00;;;;;;;
253;E007042;E006588;2015JJ00;;;;;;;
254;E007042;E006588;2016JJ00;;;;;;;
255;E007042;E006588;2017JJ00;;;;;;;
256;E007042;E006588;2018JJ00;;;;;;;
257;E007042;E006588;2019JJ00;;;;;;;
258;E007042;E006588;2020JJ00;;;;;;;
259;E007042;E006588;2021JJ00;;;;;;;
260;E007042;E006588;2022JJ00;;;;;;;
261;E007042;E006588;2023JJ00;;;;;;;
262;E007042;E006588;2024JJ00;;;;;;;
263;E007042;E006588;2025JJ00;;;;;;;
264;E007042;E006622;2015JJ00;20060;4873;17543;4.4;2517;47771;851
265;E007042;E006622;2016JJ00;19197;4720;16993;4.1;2205;46979;851
266;E007042;E006622;2017JJ00;17435;4419;15907;3.8;1528;42981;851
267;E007042;E006622;2018JJ00;13206;3536;12730;3.1;476;34728;851
268;E007042;E006622;2019JJ00;14075;3910;14075;3.2;;38113;851
269;E007042;E006622;2020JJ00;14715;4087;14715;3.3;;40021;851
270;E007042;E006622;2021JJ00;13781;3828;13781;3.1;;37281;851
271;E007042;E006622;2022JJ00;14963;4156;14963;3.4;;40439;851
272;E007042;E006622;2023JJ00;14347;3985;14347;3.3;;38959;851
273;E007042;E006622;2024JJ00;12865;3574;12865;2.9;;34712;851
274;E007042;E006622;2025JJ00;14459;4016;14459;3.0;;38962;851
275;E007042;E006602;2015JJ00;14681;4078;14681;3.7;;39245;512
276;E007042;E006602;2016JJ00;14257;3960;14257;3.4;;38357;512
277;E007042;E006602;2017JJ00;12249;3402;12249;2.9;;33056;512
278;E007042;E006602;2018JJ00;12653;3515;12653;3.1;;34008;512
279;E007042;E006602;2019JJ00;14075;3910;14075;3.2;;38113;512
280;E007042;E006602;2020JJ00;14715;4087;14715;3.3;;40021;512
281;E007042;E006602;2021JJ00;13781;3828;13781;3.1;;37281;512
282;E007042;E006602;2022JJ00;14963;4156;14963;3.4;;40439;512
283;E007042;E006602;2023JJ00;14347;3985;14347;3.3;;38959;512
284;E007042;E006602;2024JJ00;12865;3574;12865;2.9;;34712;512
285;E007042;E006602;2025JJ00;14459;4016;14459;3.0;;38962;512
286;E007042;E006607;2015JJ00;;;;;;;
287;E007042;E006607;2016JJ00;;;;;;;
288;E007042;E006607;2017JJ00;;;;;;;
289;E007042;E006607;2018JJ00;;;;;;;
290;E007042;E006607;2019JJ00;;;;;;;
291;E007042;E006607;2020JJ00;;;;;;;
292;E007042;E006607;2021JJ00;;;;;;;
293;E007042;E006607;2022JJ00;;;;;;;
294;E007042;E006607;2023JJ00;;;;;;;
295;E007042;E006607;2024JJ00;;;;;;;
296;E007042;E006607;2025JJ00;;;;;;;
297;E007042;E007262;2015JJ00;5380;795;2862;0.7;2517;8526;339
298;E007042;E007262;2016JJ00;4940;760;2736;0.7;2205;8622;339
299;E007042;E007262;2017JJ00;5186;1016;3658;0.9;1528;9925;339
300;E007042;E007262;2018JJ00;553;21;77;0.0;476;720;339
301;E007042;E007262;2019JJ00;;;;;;;339
302;E007042;E007262;2020JJ00;;;;;;;339
303;E007042;E007262;2021JJ00;;;;;;;339
304;E007042;E007262;2022JJ00;;;;;;;339
305;E007042;E007262;2023JJ00;;;;;;;339
306;E007042;E007262;2024JJ00;;;;;;;339
307;E007042;E007262;2025JJ00;;;;;;;339
308;E007043;T001027;2015JJ00;289864;37854;136274;34.3;153591;399856;12064
309;E007043;T001027;2016JJ00;285117;38513;138647;33.4;146470;391578;13565
310;E007043;T001027;2017JJ00;297694;41065;147835;35.0;149859;398222;14509
311;E007043;T001027;2018JJ00;299878;43251;155702;37.8;144176;402886;16416
312;E007043;T001027;2019JJ00;321487;46673;168022;38.4;153465;422126;19086
313;E007043;T001027;2020JJ00;345522;53658;193170;43.5;152352;448622;25213
314;E007043;T001027;2021JJ00;370358;59723;215002;48.9;155356;475974;29895
315;E007043;T001027;2022JJ00;370523;64576;232472;53.1;138050;468560;33699
316;E007043;T001027;2023JJ00;402136;75266;270959;61.9;131176;496261;40484
317;E007043;T001027;2024JJ00;424368;80597;290149;65.1;134219;507670;44300
318;E007043;T001027;2025JJ00;429568;82949;298618;61.3;130951;524722;45378
319;E007043;E006620;2015JJ00;223597;24117;86820;21.9;136777;292548;
320;E007043;E006620;2016JJ00;215585;23645;85122;20.5;130463;279262;
321;E007043;E006620;2017JJ00;216566;23641;85107;20.2;131459;277013;
322;E007043;E006620;2018JJ00;215386;24460;88055;21.4;127331;278554;
323;E007043;E006620;2019JJ00;224661;25198;90713;20.8;133948;284925;
324;E007043;E006620;2020JJ00;222604;25167;90600;20.4;132004;284181;
325;E007043;E006620;2021JJ00;224156;25538;91937;20.9;132219;286546;
326;E007043;E006620;2022JJ00;194491;21420;77111;17.6;117380;247313;
327;E007043;E006620;2023JJ00;190388;21520;77471;17.7;112917;244704;
328;E007043;E006620;2024JJ00;191336;21105;75978;17.0;115359;239138;
329;E007043;E006620;2025JJ00;184313;20210;72757;14.9;111556;236089;
330;E007043;E006461;2015JJ00;;;;;;;
331;E007043;E006461;2016JJ00;;;;;;;
332;E007043;E006461;2017JJ00;;;;;;;
333;E007043;E006461;2018JJ00;;;;;;;
334;E007043;E006461;2019JJ00;;;;;;;
335;E007043;E006461;2020JJ00;;;;;;;
336;E007043;E006461;2021JJ00;;;;;;;
337;E007043;E006461;2022JJ00;;;;;;;
338;E007043;E006461;2023JJ00;;;;;;;
339;E007043;E006461;2024JJ00;;;;;;;
340;E007043;E006461;2025JJ00;;;;;;;
341;E007043;E006560;2015JJ00;193762;21145;76121;19.2;117641;238511;5820
342;E007043;E006560;2016JJ00;186649;20625;74249;17.9;112400;225070;5866
343;E007043;E006560;2017JJ00;186567;20708;74548;17.7;112019;223329;6080
344;E007043;E006560;2018JJ00;187466;21070;75852;18.4;111615;223502;6002
345;E007043;E006560;2019JJ00;195686;21840;78625;18.0;117061;229486;5971
346;E007043;E006560;2020JJ00;194981;21867;78722;17.7;116260;230571;6006
347;E007043;E006560;2021JJ00;195995;22264;80149;18.2;115846;232376;5989
348;E007043;E006560;2022JJ00;161212;17866;64318;14.7;96893;188798;6047
349;E007043;E006560;2023JJ00;159185;18177;65436;14.9;93750;189726;6029
350;E007043;E006560;2024JJ00;160985;18003;64809;14.5;96176;188213;6005
351;E007043;E006560;2025JJ00;151353;16905;60859;12.5;90494;177319;5884
352;E007043;E007260;2015JJ00;29835;2972;10699;2.7;19136;54037;
353;E007043;E007260;2016JJ00;28936;3020;10872;2.6;18063;54192;
354;E007043;E007260;2017JJ00;29999;2933;10559;2.5;19440;53685;
355;E007043;E007260;2018JJ00;27920;3390;12203;3.0;15717;55052;
356;E007043;E007260;2019JJ00;28975;3358;12088;2.8;16887;55439;
357;E007043;E007260;2020JJ00;27622;3299;11878;2.7;15744;53609;
358;E007043;E007260;2021JJ00;28161;3274;11788;2.7;16373;54170;
359;E007043;E007260;2022JJ00;33279;3553;12792;2.9;20486;58515;
360;E007043;E007260;2023JJ00;31203;3343;12036;2.7;19167;54978;
361;E007043;E007260;2024JJ00;30351;3102;11169;2.5;19183;50925;
362;E007043;E007260;2025JJ00;32960;3305;11898;2.4;21062;58770;
363;E007043;E006565;2015JJ00;64224;13174;47426;12.0;16797;99906;
364;E007043;E006565;2016JJ00;67602;14335;51605;12.4;15997;105931;
365;E007043;E006565;2017JJ00;79256;16904;60856;14.4;18400;114974;
366;E007043;E006565;2018JJ00;82513;18241;65668;15.9;16845;117950;
367;E007043;E006565;2019JJ00;94867;20931;75350;17.2;19517;130869;
368;E007043;E006565;2020JJ00;121074;27979;100725;22.7;20349;158061;
369;E007043;E006565;2021JJ00;144323;33663;121186;27.6;23138;183066;
370;E007043;E006565;2022JJ00;173863;42554;153193;35.0;20670;214477;
371;E007043;E006565;2023JJ00;209693;53176;191434;43.7;18260;245160;
372;E007043;E006565;2024JJ00;230467;58780;211607;47.5;18860;261291;
373;E007043;E006565;2025JJ00;242612;62005;223217;45.8;19395;281178;
374;E007043;E006566;2015JJ00;32720;4423;15922;4.0;16797;68402;
375;E007043;E006566;2016JJ00;32062;4463;16065;3.9;15997;70391;
376;E007043;E006566;2017JJ00;33054;4071;14654;3.5;18400;68772;
377;E007043;E006566;2018JJ00;30930;3912;14085;3.4;16845;66367;
378;E007043;E006566;2019JJ00;33733;3949;14216;3.3;19517;69735;
379;E007043;E006566;2020JJ00;35067;4088;14718;3.3;20349;72054;
380;E007043;E006566;2021JJ00;38067;4147;14930;3.4;23138;76810;
381;E007043;E006566;2022JJ00;36074;4279;15404;3.5;20670;76687;
382;E007043;E006566;2023JJ00;32175;3865;13915;3.2;18260;67642;
383;E007043;E006566;2024JJ00;30966;3363;12106;2.7;18860;61790;
384;E007043;E006566;2025JJ00;31748;3432;12354;2.5;19395;70315;
385;E007043;E006587;2015JJ00;334;93;334;0.1;;334;37
386;E007043;E006587;2016JJ00;360;100;360;0.1;;360;37
387;E007043;E006587;2017JJ00;219;61;219;0.1;;219;37
388;E007043;E006587;2018JJ00;260;72;260;0.1;;260;37
389;E007043;E006587;2019JJ00;267;74;267;0.1;;267;37
390;E007043;E006587;2020JJ00;166;46;166;0.0;;166;37
391;E007043;E006587;2021JJ00;318;88;318;0.1;;318;38
392;E007043;E006587;2022JJ00;180;50;180;0.0;;180;38
393;E007043;E006587;2023JJ00;250;69;250;0.1;;250;38
394;E007043;E006587;2024JJ00;307;85;307;0.1;;307;38
395;E007043;E006587;2025JJ00;205;57;205;0.0;;205;38
396;E007043;E006589;2015JJ00;3991;1109;3991;1.0;;3991;1526
397;E007043;E006589;2016JJ00;5767;1602;5767;1.4;;5767;2135
398;E007043;E006589;2017JJ00;7936;2204;7936;1.9;;7936;2911
399;E007043;E006589;2018JJ00;13348;3708;13348;3.2;;13348;4608
400;E007043;E006589;2019JJ00;19438;5399;19438;4.4;;19438;7228
401;E007043;E006589;2020JJ00;30841;8567;30841;6.9;;30841;11110
402;E007043;E006589;2021JJ00;40694;11304;40694;9.3;;40694;14823
403;E007043;E006589;2022JJ00;59972;16659;59972;13.7;;59972;17356
404;E007043;E006589;2023JJ00;70586;19607;70586;16.1;;70586;21957
405;E007043;E006589;2024JJ00;78560;21822;78560;17.6;;78560;24772
406;E007043;E006589;2025JJ00;93170;25881;93170;19.1;;93170;25901
407;E007043;E006588;2015JJ00;27179;7550;27179;6.9;;27179;3391
408;E007043;E006588;2016JJ00;29414;8170;29414;7.1;;29414;4257
409;E007043;E006588;2017JJ00;38048;10569;38048;9.0;;38048;4202
410;E007043;E006588;2018JJ00;37975;10549;37975;9.2;;37975;4393
411;E007043;E006588;2019JJ00;41429;11508;41429;9.5;;41429;4484
412;E007043;E006588;2020JJ00;55000;15278;55000;12.4;;55000;6648
413;E007043;E006588;2021JJ00;65244;18123;65244;14.8;;65244;7646
414;E007043;E006588;2022JJ00;77637;21566;77637;17.7;;77637;8700
415;E007043;E006588;2023JJ00;106683;29634;106683;24.4;;106683;10802
416;E007043;E006588;2024JJ00;120634;33509;120634;27.1;;120634;11702
417;E007043;E006588;2025JJ00;117489;32636;117489;24.1;;117489;11782
418;E007043;E006622;2015JJ00;2044;563;2027;0.5;17;7401;68
419;E007043;E006622;2016JJ00;1930;533;1921;0.5;10;6385;68
420;E007043;E006622;2017JJ00;1872;520;1872;0.4;;6234;68
421;E007043;E006622;2018JJ00;1979;550;1979;0.5;;6381;68
422;E007043;E006622;2019JJ00;1959;544;1959;0.4;;6333;68
423;E007043;E006622;2020JJ00;1845;512;1845;0.4;;6380;68
424;E007043;E006622;2021JJ00;1879;522;1879;0.4;;6363;68
425;E007043;E006622;2022JJ00;2169;602;2169;0.5;;6770;200
426;E007043;E006622;2023JJ00;2054;571;2054;0.5;;6396;297
427;E007043;E006622;2024JJ00;2564;712;2564;0.6;;7241;418
428;E007043;E006622;2025JJ00;2643;734;2643;0.5;;7455;418
429;E007043;E006602;2015JJ00;;;;;;;
430;E007043;E006602;2016JJ00;;;;;;;
431;E007043;E006602;2017JJ00;;;;;;;
432;E007043;E006602;2018JJ00;;;;;;;
433;E007043;E006602;2019JJ00;;;;;;;
434;E007043;E006602;2020JJ00;;;;;;;
435;E007043;E006602;2021JJ00;;;;;;;
436;E007043;E006602;2022JJ00;;;;;;;
437;E007043;E006602;2023JJ00;;;;;;;
438;E007043;E006602;2024JJ00;;;;;;;
439;E007043;E006602;2025JJ00;;;;;;;
440;E007043;E006607;2015JJ00;;;;;;;
441;E007043;E006607;2016JJ00;;;;;;;
442;E007043;E006607;2017JJ00;;;;;;;
443;E007043;E006607;2018JJ00;;;;;;;
444;E007043;E006607;2019JJ00;;;;;;;
445;E007043;E006607;2020JJ00;;;;;;;
446;E007043;E006607;2021JJ00;;;;;;;
447;E007043;E006607;2022JJ00;263;73;263;0.1;;285;132
448;E007043;E006607;2023JJ00;316;88;316;0.1;;363;229
449;E007043;E006607;2024JJ00;656;182;656;0.1;;751;350
450;E007043;E006607;2025JJ00;656;182;656;0.1;;751;350
451;E007043;E007262;2015JJ00;2044;563;2027;0.5;17;7401;68
452;E007043;E007262;2016JJ00;1930;533;1921;0.5;10;6385;68
453;E007043;E007262;2017JJ00;1872;520;1872;0.4;;6234;68
454;E007043;E007262;2018JJ00;1979;550;1979;0.5;;6381;68
455;E007043;E007262;2019JJ00;1959;544;1959;0.4;;6333;68
456;E007043;E007262;2020JJ00;1845;512;1845;0.4;;6380;68
457;E007043;E007262;2021JJ00;1879;522;1879;0.4;;6363;68
458;E007043;E007262;2022JJ00;1905;529;1905;0.4;;6485;68
459;E007043;E007262;2023JJ00;1738;483;1738;0.4;;6033;68
460;E007043;E007262;2024JJ00;1908;530;1908;0.4;;6490;68
461;E007043;E007262;2025JJ00;1987;552;1987;0.4;;6703;68
